time_step,qber,label
0,0.043478260869565216,0
1,0.45454545454545453,1
2,0.038461538461538464,0
3,0.03333333333333333,0
4,0.0,0
5,0.42857142857142855,1
6,0.0,0
7,0.09523809523809523,0
8,0.6875,1
9,0.0,0
10,0.0,0
11,0.0,0
12,0.0,0
13,0.0,0
14,0.0,0
15,0.0,0
16,0.0,0
17,0.038461538461538464,0
18,0.0,0
19,0.0,0
20,0.65,1
21,0.0,0
22,0.48148148148148145,1
23,0.04,0
24,0.6296296296296297,1
25,0.43478260869565216,1
26,0.0,0
27,0.0,0
28,0.0,0
29,0.0,0
30,0.0,0
31,0.5714285714285714,1
32,0.43478260869565216,1
33,0.0,0
34,0.4444444444444444,1
35,0.5,1
36,0.34615384615384615,1
37,0.41935483870967744,1
38,0.5909090909090909,1
39,0.0,0
40,0.0,0
41,0.0,0
42,0.56,1
43,0.0,0
44,0.4782608695652174,1
45,0.10344827586206896,0
46,0.5,1
47,0.0,0
48,0.0,0
49,0.0,0
50,0.0,0
51,0.0,0
52,0.4444444444444444,1
53,0.0,0
54,0.45454545454545453,1
55,0.0,0
56,0.0,0
57,0.4230769230769231,1
58,0.5714285714285714,1
59,0.0,0
60,0.46153846153846156,1
61,0.043478260869565216,0
62,0.0,0
63,0.0,0
64,0.5217391304347826,1
65,0.0,0
66,0.0,0
67,0.4827586206896552,1
68,0.5517241379310345,1
69,0.0,0
70,0.0,0
71,0.043478260869565216,0
72,0.0,0
73,0.3793103448275862,1
74,0.0,0
75,0.0,0
76,0.0,0
77,0.0,0
78,0.0,0
79,0.0,0
80,0.0,0
81,0.64,1
82,0.0,0
83,0.0,0
84,0.0,0
85,0.0,0
86,0.0,0
87,0.037037037037037035,0
88,0.0,0
89,0.0,0
90,0.0,0
91,0.0,0
92,0.0,0
93,0.5833333333333334,1
94,0.4444444444444444,1
95,0.56,1
96,0.45,1
97,0.07407407407407407,0
98,0.0,0
99,0.0,0
100,0.034482758620689655,0
101,0.043478260869565216,0
102,0.5384615384615384,1
103,0.0,0
104,0.72,1
105,0.0,0
106,0.0,0
107,0.0,0
108,0.5652173913043478,1
109,0.0,0
110,0.44,1
111,0.0,0
112,0.4838709677419355,1
113,0.0,0
114,0.06666666666666667,0
115,0.4230769230769231,1
116,0.0,0
117,0.0,0
118,0.5625,1
119,0.0,0
120,0.5217391304347826,1
121,0.52,1
122,0.32,1
123,0.038461538461538464,0
124,0.0,0
125,0.5769230769230769,1
126,0.0,0
127,0.034482758620689655,0
128,0.0,0
129,0.0,0
130,0.34782608695652173,1
131,0.0,0
132,0.0,0
133,0.08,0
134,0.5789473684210527,1
135,0.0,0
136,0.4482758620689655,1
137,0.0,0
138,0.037037037037037035,0
139,0.041666666666666664,0
140,0.0,0
141,0.0,0
142,0.5862068965517241,1
143,0.5,1
144,0.0,0
145,0.0,0
146,0.0,0
147,0.5384615384615384,1
148,0.5714285714285714,1
149,0.4444444444444444,1
150,0.5357142857142857,1
151,0.041666666666666664,0
152,0.0,0
153,0.0,0
154,0.44,1
155,0.0,0
156,0.0,0
157,0.0,0
158,0.0,0
159,0.034482758620689655,0
160,0.03571428571428571,0
161,0.0,0
162,0.0,0
163,0.6666666666666666,1
164,0.047619047619047616,0
165,0.0,0
166,0.0,0
167,0.04,0
168,0.0,0
169,0.0,0
170,0.0,0
171,0.5,1
172,0.0,0
173,0.0,0
174,0.0,0
175,0.0,0
176,0.0,0
177,0.0,0
178,0.5652173913043478,1
179,0.5833333333333334,1
180,0.5652173913043478,1
181,0.037037037037037035,0
182,0.5357142857142857,1
183,0.0,0
184,0.37037037037037035,1
185,0.41379310344827586,1
186,0.03225806451612903,0
187,0.0,0
188,0.5416666666666666,1
189,0.034482758620689655,0
190,0.03571428571428571,0
191,0.0,0
192,0.3181818181818182,1
193,0.0,0
194,0.0,0
195,0.0,0
196,0.0,0
197,0.4583333333333333,1
198,0.5,1
199,0.0,0
200,0.48,1
201,0.5517241379310345,1
202,0.0,0
203,0.3448275862068966,1
204,0.46875,1
205,0.0,0
206,0.0,0
207,0.42857142857142855,1
208,0.5,1
209,0.52,1
210,0.6521739130434783,1
211,0.35,1
212,0.0,0
213,0.0,0
214,0.0,0
215,0.0,0
216,0.0,0
217,0.0,0
218,0.0,0
219,0.6956521739130435,1
220,0.0,0
221,0.34782608695652173,1
222,0.5909090909090909,1
223,0.05555555555555555,0
224,0.6190476190476191,1
225,0.38461538461538464,1
226,0.0,0
227,0.0,0
228,0.5,1
229,0.0,0
230,0.0,0
231,0.045454545454545456,0
232,0.0,0
233,0.0,0
234,0.0,0
235,0.0,0
236,0.45,1
237,0.6071428571428571,1
238,0.53125,1
239,0.0,0
240,0.0,0
241,0.2916666666666667,1
242,0.0,0
243,0.0,0
244,0.64,1
245,0.034482758620689655,0
246,0.04,0
247,0.0,0
248,0.0,0
249,0.5517241379310345,1
250,0.5,1
251,0.4642857142857143,1
252,0.48148148148148145,1
253,0.5517241379310345,1
254,0.0,0
255,0.5454545454545454,1
256,0.04,0
257,0.0,0
258,0.0,0
259,0.4,1
260,0.0,0
261,0.0,0
262,0.045454545454545456,0
263,0.0,0
264,0.0,0
265,0.0,0
266,0.0,0
267,0.0,0
268,0.3103448275862069,1
269,0.4166666666666667,1
270,0.04,0
271,0.037037037037037035,0
272,0.4074074074074074,1
273,0.7083333333333334,1
274,0.0,0
275,0.38095238095238093,1
276,0.0,0
277,0.0,0
278,0.0,0
279,0.07407407407407407,0
280,0.0,0
281,0.0,0
282,0.625,1
283,0.0,0
284,0.0,0
285,0.43478260869565216,1
286,0.0,0
287,0.0,0
288,0.4482758620689655,1
289,0.037037037037037035,0
290,0.0,0
291,0.0,0
292,0.0,0
293,0.038461538461538464,0
294,0.4583333333333333,1
295,0.0,0
296,0.0,0
297,0.6296296296296297,1
298,0.3684210526315789,1
299,0.0,0
300,0.7727272727272727,1
301,0.2692307692307692,1
302,0.034482758620689655,0
303,0.0,0
304,0.0,0
305,0.0,0
306,0.0,0
307,0.047619047619047616,0
308,0.0,0
309,0.14285714285714285,0
310,0.0,0
311,0.0,0
312,0.7037037037037037,1
313,0.0,0
314,0.0,0
315,0.0,0
316,0.391304347826087,1
317,0.0,0
318,0.0,0
319,0.0,0
320,0.030303030303030304,0
321,0.45454545454545453,1
322,0.0,0
323,0.0,0
324,0.0,0
325,0.0,0
326,0.09090909090909091,0
327,0.05263157894736842,0
328,0.0,0
329,0.5714285714285714,1
330,0.5416666666666666,1
331,0.0,0
332,0.0,0
333,0.36363636363636365,1
334,0.34615384615384615,1
335,0.0,0
336,0.38461538461538464,1
337,0.0,0
338,0.0,0
339,0.0,0
340,0.0,0
341,0.0,0
342,0.038461538461538464,0
343,0.0,0
344,0.0,0
345,0.041666666666666664,0
346,0.0,0
347,0.5416666666666666,1
348,0.0,0
349,0.0,0
350,0.0,0
351,0.0,0
352,0.5555555555555556,1
353,0.0,0
354,0.0,0
355,0.0,0
356,0.28,1
357,0.0,0
358,0.4090909090909091,1
359,0.47619047619047616,1
360,0.0,0
361,0.0,0
362,0.07692307692307693,0
363,0.0,0
364,0.0,0
365,0.0,0
366,0.0,0
367,0.5769230769230769,1
368,0.5,1
369,0.0,0
370,0.0,0
371,0.0,0
372,0.5862068965517241,1
373,0.0,0
374,0.0,0
375,0.0,0
376,0.0,0
377,0.0,0
378,0.0,0
379,0.46153846153846156,1
380,0.0,0
381,0.038461538461538464,0
382,0.47368421052631576,1
383,0.03333333333333333,0
384,0.0,0
385,0.12,0
386,0.0,0
387,0.0,0
388,0.03571428571428571,0
389,0.5454545454545454,1
390,0.375,1
391,0.0,0
392,0.043478260869565216,0
393,0.42857142857142855,1
394,0.5714285714285714,1
395,0.04,0
396,0.041666666666666664,0
397,0.0,0
398,0.0,0
399,0.0,0
400,0.0,0
401,0.6153846153846154,1
402,0.0,0
403,0.038461538461538464,0
404,0.0,0
405,0.030303030303030304,0
406,0.0,0
407,0.0,0
408,0.0,0
409,0.0,0
410,0.56,1
411,0.0,0
412,0.0,0
413,0.03225806451612903,0
414,0.041666666666666664,0
415,0.5769230769230769,1
416,0.0,0
417,0.4166666666666667,1
418,0.045454545454545456,0
419,0.0,0
420,0.0,0
421,0.0,0
422,0.0,0
423,0.28,1
424,0.0,0
425,0.30434782608695654,1
426,0.4642857142857143,1
427,0.2857142857142857,1
428,0.0,0
429,0.0,0
430,0.5625,1
431,0.11764705882352941,0
432,0.0,0
433,0.0,0
434,0.0,0
435,0.0,0
436,0.06896551724137931,0
437,0.0,0
438,0.0,0
439,0.0,0
440,0.0,0
441,0.0,0
442,0.0,0
443,0.5,1
444,0.0,0
445,0.4166666666666667,1
446,0.0,0
447,0.5555555555555556,1
448,0.0,0
449,0.5416666666666666,1
450,0.5925925925925926,1
451,0.0,0
452,0.6666666666666666,1
453,0.0,0
454,0.4230769230769231,1
455,0.043478260869565216,0
456,0.5416666666666666,1
457,0.0,0
458,0.0,0
459,0.09090909090909091,0
460,0.4827586206896552,1
461,0.0,0
462,0.0,0
463,0.0,0
464,0.5384615384615384,1
465,0.0,0
466,0.0,0
467,0.0,0
468,0.0,0
469,0.6071428571428571,1
470,0.0,0
471,0.0,0
472,0.0,0
473,0.0,0
474,0.0,0
475,0.0,0
476,0.37037037037037035,1
477,0.029411764705882353,0
478,0.03225806451612903,0
479,0.6,1
480,0.034482758620689655,0
481,0.07692307692307693,0
482,0.0,0
483,0.4782608695652174,1
484,0.5806451612903226,1
485,0.0,0
486,0.0,0
487,0.0,0
488,0.7,1
489,0.03571428571428571,0
490,0.034482758620689655,0
491,0.058823529411764705,0
492,0.7368421052631579,1
493,0.6190476190476191,1
494,0.06451612903225806,0
495,0.0,0
496,0.0,0
497,0.5769230769230769,1
498,0.0,0
499,0.0,0
